-- MySQL dump 10.13  Distrib 8.0.36, for Win64 (x86_64)
--
-- Host: localhost    Database: gcms
-- ------------------------------------------------------
-- Server version	8.3.0

/*!40101 SET @OLD_CHARACTER_SET_CLIENT=@@CHARACTER_SET_CLIENT */;
/*!40101 SET @OLD_CHARACTER_SET_RESULTS=@@CHARACTER_SET_RESULTS */;
/*!40101 SET @OLD_COLLATION_CONNECTION=@@COLLATION_CONNECTION */;
/*!50503 SET NAMES utf8 */;
/*!40103 SET @OLD_TIME_ZONE=@@TIME_ZONE */;
/*!40103 SET TIME_ZONE='+00:00' */;
/*!40014 SET @OLD_UNIQUE_CHECKS=@@UNIQUE_CHECKS, UNIQUE_CHECKS=0 */;
/*!40014 SET @OLD_FOREIGN_KEY_CHECKS=@@FOREIGN_KEY_CHECKS, FOREIGN_KEY_CHECKS=0 */;
/*!40101 SET @OLD_SQL_MODE=@@SQL_MODE, SQL_MODE='NO_AUTO_VALUE_ON_ZERO' */;
/*!40111 SET @OLD_SQL_NOTES=@@SQL_NOTES, SQL_NOTES=0 */;

--
-- Table structure for table `child_theloai`
--

DROP TABLE IF EXISTS `child_theloai`;
/*!40101 SET @saved_cs_client     = @@character_set_client */;
/*!50503 SET character_set_client = utf8mb4 */;
CREATE TABLE `child_theloai` (
  `ID_child_theloai` int NOT NULL AUTO_INCREMENT,
  `ten_child_theloai` varchar(155) NOT NULL,
  `isNull_child_theloai` tinyint NOT NULL DEFAULT '1',
  `sapxep_child_theloai` varchar(45) DEFAULT '0',
  `idTheLoai` int NOT NULL,
  PRIMARY KEY (`ID_child_theloai`),
  UNIQUE KEY `ID_child_theloai_UNIQUE` (`ID_child_theloai`),
  KEY `idTheLoai_idx` (`idTheLoai`),
  CONSTRAINT `idTheLoai` FOREIGN KEY (`idTheLoai`) REFERENCES `theloai` (`idTheLoai`)
) ENGINE=InnoDB AUTO_INCREMENT=21 DEFAULT CHARSET=utf8mb4 COLLATE=utf8mb4_0900_ai_ci;
/*!40101 SET character_set_client = @saved_cs_client */;

--
-- Dumping data for table `child_theloai`
--

LOCK TABLES `child_theloai` WRITE;
/*!40000 ALTER TABLE `child_theloai` DISABLE KEYS */;
INSERT INTO `child_theloai` VALUES (1,'Bản Tin Teyvat',1,'1',4),(2,'Tin tức Liên Quân',1,'1',2),(3,'Tin tức Genshin Impact',1,'2',2),(4,'Hướng dẫn game mobile',1,'1',6),(5,'Hướng dẫn game PC',1,'2',6),(6,'Hướng dẫn game Console',1,'3',6),(7,'Đánh giá game mới',1,'1',7),(8,'Giftcode game PC',1,'1',8),(9,'Giftcode game Mobile',1,'2',8),(10,'Cosplay Anime',1,'1',1),(11,'Cosplay Game',1,NULL,1),(12,'Tin tức LMHT',1,'2',3),(13,'Tin tức game Offline PC',1,'4',3),(15,'Game PC mới',1,'1',9),(16,'Game Mobile mới',1,'2',9),(17,'Game Console mới',1,'3',9),(18,'Hình nền',1,'1',10),(19,'Đánh giá game hay',1,'2',7),(20,'tạm',0,'0',7);
/*!40000 ALTER TABLE `child_theloai` ENABLE KEYS */;
UNLOCK TABLES;

--
-- Table structure for table `danhmuctin`
--

DROP TABLE IF EXISTS `danhmuctin`;
/*!40101 SET @saved_cs_client     = @@character_set_client */;
/*!50503 SET character_set_client = utf8mb4 */;
CREATE TABLE `danhmuctin` (
  `id_phanloaitin` int NOT NULL AUTO_INCREMENT,
  `ten_phanloaitin` varchar(50) NOT NULL,
  `isNull` tinyint NOT NULL DEFAULT '1',
  PRIMARY KEY (`id_phanloaitin`),
  UNIQUE KEY `id_phanloaitin_UNIQUE` (`id_phanloaitin`)
) ENGINE=InnoDB AUTO_INCREMENT=4 DEFAULT CHARSET=utf8mb4 COLLATE=utf8mb4_0900_ai_ci;
/*!40101 SET character_set_client = @saved_cs_client */;

--
-- Dumping data for table `danhmuctin`
--

LOCK TABLES `danhmuctin` WRITE;
/*!40000 ALTER TABLE `danhmuctin` DISABLE KEYS */;
INSERT INTO `danhmuctin` VALUES (1,'Tin Vắn',1),(2,'Tin Nổi Bật',1),(3,'Tin Quan Trọng',1);
/*!40000 ALTER TABLE `danhmuctin` ENABLE KEYS */;
UNLOCK TABLES;

--
-- Table structure for table `quyen`
--

DROP TABLE IF EXISTS `quyen`;
/*!40101 SET @saved_cs_client     = @@character_set_client */;
/*!50503 SET character_set_client = utf8mb4 */;
CREATE TABLE `quyen` (
  `idquyen` tinyint NOT NULL,
  `tenquyen` varchar(45) NOT NULL,
  PRIMARY KEY (`idquyen`)
) ENGINE=InnoDB DEFAULT CHARSET=utf8mb4 COLLATE=utf8mb4_0900_ai_ci;
/*!40101 SET character_set_client = @saved_cs_client */;

--
-- Dumping data for table `quyen`
--

LOCK TABLES `quyen` WRITE;
/*!40000 ALTER TABLE `quyen` DISABLE KEYS */;
INSERT INTO `quyen` VALUES (0,'Người dùng'),(1,'Quản Trị Viên'),(2,'Cộng tác viên');
/*!40000 ALTER TABLE `quyen` ENABLE KEYS */;
UNLOCK TABLES;

--
-- Table structure for table `thanhvien`
--

DROP TABLE IF EXISTS `thanhvien`;
/*!40101 SET @saved_cs_client     = @@character_set_client */;
/*!50503 SET character_set_client = utf8mb4 */;
CREATE TABLE `thanhvien` (
  `id_thanhvien` int NOT NULL AUTO_INCREMENT,
  `hoten` varchar(45) NOT NULL,
  `sex` varchar(45) NOT NULL,
  `email` varchar(45) NOT NULL,
  `phone` varchar(45) NOT NULL,
  `address` varchar(255) NOT NULL,
  `id_nguyenquan` int NOT NULL,
  `username` varchar(45) NOT NULL,
  `password` varchar(45) NOT NULL,
  `accesslevel` tinyint NOT NULL,
  `active` tinyint NOT NULL DEFAULT '0',
  PRIMARY KEY (`id_thanhvien`),
  UNIQUE KEY `id_thanhvien_UNIQUE` (`id_thanhvien`),
  UNIQUE KEY `username_UNIQUE` (`username`),
  UNIQUE KEY `phone_UNIQUE` (`phone`),
  UNIQUE KEY `email_UNIQUE` (`email`),
  KEY `idtinh_idx` (`id_nguyenquan`),
  KEY `idquyen_idx` (`accesslevel`),
  CONSTRAINT `idquyen` FOREIGN KEY (`accesslevel`) REFERENCES `quyen` (`idquyen`),
  CONSTRAINT `idtinh` FOREIGN KEY (`id_nguyenquan`) REFERENCES `tinh` (`idtinh`)
) ENGINE=InnoDB AUTO_INCREMENT=12 DEFAULT CHARSET=utf8mb4 COLLATE=utf8mb4_0900_ai_ci;
/*!40101 SET character_set_client = @saved_cs_client */;

--
-- Dumping data for table `thanhvien`
--

LOCK TABLES `thanhvien` WRITE;
/*!40000 ALTER TABLE `thanhvien` DISABLE KEYS */;
INSERT INTO `thanhvien` VALUES (4,'Admin','Nam','hieukka912@gmail.com','0326305841','Khu 2 Hoàng Cương Thanh Ba Phú Thọ Việt Nam Server Trái Đất',34,'admin','admin',1,1),(6,'Vũ Trung Hiếu Đẹp trai','Nam','hieukka913@gmail.com','0979380078','Không có',34,'daokiem','hieulinh',2,1),(7,'Đao Kiếm','Nam','daokiem@gmail.com','0326305842','Thái Dương',34,'hieuvu','abc',2,1),(8,'kiếm','Nữ','dai@gmail.com','0258741256','a',21,'dao','hieu',0,0),(9,'bec','Nữ','dao@kiem.com','0258965874','jak',18,'bec','abc',2,1),(10,'hiếu','Nam','bcccc@gmail.com','0258741369','đây',15,'abc123','abc',0,0),(11,'NL','Nam','beloanhem@gmail.com','0918273645','bình giang',18,'adminne','\' OR \'1\'=\'1\' --',2,1);
/*!40000 ALTER TABLE `thanhvien` ENABLE KEYS */;
UNLOCK TABLES;

--
-- Table structure for table `theloai`
--

DROP TABLE IF EXISTS `theloai`;
/*!40101 SET @saved_cs_client     = @@character_set_client */;
/*!50503 SET character_set_client = utf8mb4 */;
CREATE TABLE `theloai` (
  `idTheLoai` int NOT NULL AUTO_INCREMENT,
  `tenTheLoai` varchar(45) NOT NULL,
  `isNull` tinyint NOT NULL DEFAULT '1',
  `sapxep` tinyint DEFAULT NULL,
  PRIMARY KEY (`idTheLoai`),
  UNIQUE KEY `idTheLoai_UNIQUE` (`idTheLoai`)
) ENGINE=InnoDB AUTO_INCREMENT=11 DEFAULT CHARSET=utf8mb4 COLLATE=utf8mb4_0900_ai_ci;
/*!40101 SET character_set_client = @saved_cs_client */;

--
-- Dumping data for table `theloai`
--

LOCK TABLES `theloai` WRITE;
/*!40000 ALTER TABLE `theloai` DISABLE KEYS */;
INSERT INTO `theloai` VALUES (1,'Cosplay',1,9),(2,'Mobile',1,2),(3,'PC/Console',1,3),(4,'Độc lạ Teyvat',1,7),(5,'Giải Đấu',1,8),(6,'Hướng dẫn Tân thủ',1,6),(7,'Đánh giá game',1,4),(8,'Giftcode',1,5),(9,'Game mới ra mắt',1,1),(10,'Tin tổng hợp',1,10);
/*!40000 ALTER TABLE `theloai` ENABLE KEYS */;
UNLOCK TABLES;

--
-- Table structure for table `tinh`
--

DROP TABLE IF EXISTS `tinh`;
/*!40101 SET @saved_cs_client     = @@character_set_client */;
/*!50503 SET character_set_client = utf8mb4 */;
CREATE TABLE `tinh` (
  `idtinh` int NOT NULL,
  `tentinh` varchar(45) NOT NULL,
  PRIMARY KEY (`idtinh`),
  UNIQUE KEY `idtinh_UNIQUE` (`idtinh`),
  UNIQUE KEY `tentinh_UNIQUE` (`tentinh`)
) ENGINE=InnoDB DEFAULT CHARSET=utf8mb4 COLLATE=utf8mb4_0900_ai_ci;
/*!40101 SET character_set_client = @saved_cs_client */;

--
-- Dumping data for table `tinh`
--

LOCK TABLES `tinh` WRITE;
/*!40000 ALTER TABLE `tinh` DISABLE KEYS */;
INSERT INTO `tinh` VALUES (11,'Cao Bằng'),(27,'Điện Biên'),(23,'Hà Giang'),(29,'Hà Nội'),(34,'Hải Dương'),(17,'Hải Phòng'),(28,'Hoà Bình'),(25,'Lai Châu'),(12,'Lạng Sơn'),(24,'Lào Cai'),(19,'Nam Định'),(35,'Ninh Bình'),(20,'Phú Thọ'),(15,'Quảng Ninh'),(26,'Sơn La'),(18,'Thái Bình'),(21,'Thái Nguyên'),(22,'Yên Bái');
/*!40000 ALTER TABLE `tinh` ENABLE KEYS */;
UNLOCK TABLES;

--
-- Table structure for table `tintuc`
--

DROP TABLE IF EXISTS `tintuc`;
/*!40101 SET @saved_cs_client     = @@character_set_client */;
/*!50503 SET character_set_client = utf8mb4 */;
CREATE TABLE `tintuc` (
  `idtintuc` int NOT NULL AUTO_INCREMENT,
  `tieudetin` text NOT NULL,
  `hinhtrichdan` varchar(255) CHARACTER SET utf8mb3 COLLATE utf8mb3_general_ci DEFAULT NULL,
  `trichdantin` text,
  `ID_child_theloai` int NOT NULL,
  `id_phanloaitin` int NOT NULL,
  `id_tacgia` int NOT NULL,
  `ngaycapnhat` datetime NOT NULL,
  `solandoc` int NOT NULL DEFAULT '0',
  `kiemduyet` tinyint NOT NULL DEFAULT '0',
  `isActive` varchar(45) NOT NULL DEFAULT '"none"',
  `isNull` tinyint NOT NULL DEFAULT '1',
  `content` json DEFAULT NULL,
  PRIMARY KEY (`idtintuc`),
  UNIQUE KEY `idtintuc_UNIQUE` (`idtintuc`),
  KEY `ID_child_theloai_idx` (`ID_child_theloai`),
  KEY `id_phanloaitin_idx` (`id_phanloaitin`),
  KEY `id_thanhvien_idx` (`id_tacgia`),
  CONSTRAINT `ID_child_theloai` FOREIGN KEY (`ID_child_theloai`) REFERENCES `child_theloai` (`ID_child_theloai`),
  CONSTRAINT `id_phanloaitin` FOREIGN KEY (`id_phanloaitin`) REFERENCES `danhmuctin` (`id_phanloaitin`),
  CONSTRAINT `id_thanhvien` FOREIGN KEY (`id_tacgia`) REFERENCES `thanhvien` (`id_thanhvien`)
) ENGINE=InnoDB AUTO_INCREMENT=72 DEFAULT CHARSET=utf8mb4 COLLATE=utf8mb4_0900_ai_ci;
/*!40101 SET character_set_client = @saved_cs_client */;

--
-- Dumping data for table `tintuc`
--

LOCK TABLES `tintuc` WRITE;
/*!40000 ALTER TABLE `tintuc` DISABLE KEYS */;
INSERT INTO `tintuc` VALUES (1,'Demo sửa nhé anh em','346971591_640401574609023_7260348714798282656_n.jpg','demo',16,1,4,'2023-12-01 00:00:00',5,0,'none',1,'{\"blocks\": [{\"id\": \"VGxKY1Mb1z\", \"data\": {\"file\": {\"url\": \"http://localhost:3030/public/images/1685378282844.jpg\"}, \"caption\": \"\", \"stretched\": false, \"withBorder\": false, \"withBackground\": false}, \"type\": \"image\"}, {\"id\": \"JPZ0G-TuVY\", \"data\": {\"file\": {\"url\": \"http://localhost:3030/public/images/1685378970355.webp\"}, \"caption\": \"\", \"stretched\": false, \"withBorder\": false, \"withBackground\": false}, \"type\": \"image\"}]}'),(2,'Bản tin Teyvat kỳ I','ban-tin-teyvat-ky-01.jpg','Bản tin Teyvat kỳ I',1,1,6,'2023-05-30 00:00:00',3,1,'none',1,'{\"blocks\": [{\"id\": \"mLtiQc-NtM\", \"data\": {\"file\": {\"url\": \"http://localhost:3030/public/images/1685408673831.jpg\"}, \"caption\": \"\", \"stretched\": false, \"withBorder\": false, \"withBackground\": false}, \"type\": \"image\"}]}'),(3,'Bản tin teyvat kỳ II','ban-tin-teyvat-ky-02.jpg','Bản tin Teyvat kỳ II',1,1,6,'2023-05-30 00:00:00',0,1,'none',1,'{\"blocks\": [{\"id\": \"J9lBYKQCe8\", \"data\": {\"file\": {\"url\": \"http://localhost:3030/public/images/1685408739239.jpg\"}, \"caption\": \"\", \"stretched\": false, \"withBorder\": false, \"withBackground\": false}, \"type\": \"image\"}]}'),(4,'Bản tin teyvat kỳ III','ban-tin-teyvat-ky-02.jpg','Bản tin Teyvat kỳ III',1,1,6,'2023-05-30 00:00:00',0,1,'none',1,'{\"blocks\": [{\"id\": \"1BNDFalUiB\", \"data\": {\"file\": {\"url\": \"http://localhost:3030/public/images/1685408762644.jpg\"}, \"caption\": \"\", \"stretched\": false, \"withBorder\": false, \"withBackground\": false}, \"type\": \"image\"}]}'),(5,'Bản tin teyvat kỳ IV','ban-tin-teyvat-ky-04.jpg','Bản tin Teyvat kỳ IV',1,1,6,'2023-05-30 00:00:00',0,1,'none',1,'{\"blocks\": [{\"id\": \"WSwHlp_q2Y\", \"data\": {\"file\": {\"url\": \"http://localhost:3030/public/images/1685408790179.jpg\"}, \"caption\": \"\", \"stretched\": false, \"withBorder\": false, \"withBackground\": false}, \"type\": \"image\"}]}'),(6,'Bản tin Teyvat kỳ đặc biệt','ban-tin-teyvat-tro-lai-so-1-trang-1.jpg','Bản tin Teyvat kỳ đặc biệt',1,1,4,'2023-05-30 00:00:00',3,1,'none',1,'{\"blocks\": [{\"id\": \"HYHmyjlmdR\", \"data\": {\"file\": {\"url\": \"http://localhost:3030/public/images/1685408993704.jpg\"}, \"caption\": \"\", \"stretched\": false, \"withBorder\": false, \"withBackground\": false}, \"type\": \"image\"}, {\"id\": \"wXZYYaV9mV\", \"data\": {\"file\": {\"url\": \"http://localhost:3030/public/images/1685409005452.jpg\"}, \"caption\": \"\", \"stretched\": false, \"withBorder\": false, \"withBackground\": false}, \"type\": \"image\"}, {\"id\": \"lIGxZIqlVO\", \"data\": {\"file\": {\"url\": \"http://localhost:3030/public/images/1685409021135.jpg\"}, \"caption\": \"\", \"stretched\": false, \"withBorder\": false, \"withBackground\": false}, \"type\": \"image\"}, {\"id\": \"mzmd7jZBQ6\", \"data\": {\"file\": {\"url\": \"http://localhost:3030/public/images/1685409027386.jpg\"}, \"caption\": \"\", \"stretched\": false, \"withBorder\": false, \"withBackground\": false}, \"type\": \"image\"}]}'),(7,'Ngọc rồng online - Game dành cho những người chưa trải sự đời','\rnro.png','Muốn trải đời, hãy chơi game này',16,1,6,'2023-05-30 00:00:00',0,1,'none',1,'{\"blocks\": [{\"id\": \"9coaLiGXfM\", \"data\": {\"embed\": \"https://www.youtube.com/embed/cA63jeTh9vs\", \"width\": 580, \"height\": 320, \"source\": \"https://youtu.be/cA63jeTh9vs\", \"caption\": \"\", \"service\": \"youtube\"}, \"type\": \"embed\"}]}'),(8,'Ninja School - Game mãi chưa sửa web đổi mật khẩu','tải xuống.jpg','Ninja',16,1,6,'2023-05-30 00:00:00',0,1,'none',1,'{\"blocks\": [{\"id\": \"QwtGBKH1pw\", \"data\": {\"embed\": \"https://www.youtube.com/embed/oMWaRIesSNg\", \"width\": 580, \"height\": 320, \"source\": \"https://youtu.be/oMWaRIesSNg\", \"caption\": \"\", \"service\": \"youtube\"}, \"type\": \"embed\"}, {\"id\": \"DWvwuJkcOr\", \"data\": {\"embed\": \"https://www.youtube.com/embed/OlQhhNa4D_c\", \"width\": 580, \"height\": 320, \"source\": \"https://youtu.be/OlQhhNa4D_c\", \"caption\": \"\", \"service\": \"youtube\"}, \"type\": \"embed\"}]}'),(9,'Genshin Impact - Game Gacha dành cho Wibu','346971591_640401574609023_7260348714798282656_n.jpg','gacha',15,1,6,'2023-05-30 00:00:00',1,1,'none',1,'{\"blocks\": [{\"id\": \"rB6Q-r3J84\", \"data\": {\"file\": {\"url\": \"http://localhost:3030/public/images/1685409617181.jpg\"}, \"caption\": \"Yoimiya\", \"stretched\": false, \"withBorder\": false, \"withBackground\": false}, \"type\": \"image\"}]}'),(10,'Avatar DK - Một thời tuổi thơ','unnamed.png','Quay về tuổi thơ nào anh em',16,1,4,'2023-05-30 00:00:00',1,1,'none',1,'{\"blocks\": [{\"id\": \"NcAsRuK3cu\", \"data\": {\"file\": {\"url\": \"http://localhost:3030/public/images/1685410998951.png\"}, \"caption\": \"\", \"stretched\": false, \"withBorder\": false, \"withBackground\": false}, \"type\": \"image\"}, {\"id\": \"gHWU0MIo0_\", \"data\": {\"link\": \"https://www.youtube.com/watch?v=OlQhhNa4D_c\", \"meta\": {}}, \"type\": \"linkTool\"}]}'),(11,'Avatar Musik - Game nhái Audition ?','unnamed (1).png','Quay lại tuổi thơ liệt phím cách với game này',16,1,4,'2023-05-30 00:00:00',1,1,'none',1,'{\"blocks\": [{\"id\": \"d-TAbFqffq\", \"data\": {\"file\": {\"url\": \"http://localhost:3030/public/images/1685411416925.png\"}, \"caption\": \"\", \"stretched\": false, \"withBorder\": false, \"withBackground\": false}, \"type\": \"image\"}, {\"id\": \"aWFeD34u5C\", \"data\": {\"file\": {\"url\": \"http://localhost:3030/public/images/1685411425804.jpg\"}, \"caption\": \"\", \"stretched\": false, \"withBorder\": false, \"withBackground\": false}, \"type\": \"image\"}]}'),(12,'Hiệp sĩ online - Game Bê Lô Khí Phách Anh Hùng','knightage.jpg','HSO',16,1,4,'2023-05-29 00:00:00',9,1,'none',1,'{\"blocks\": [{\"id\": \"MCkitriTZx\", \"data\": {\"text\": \"Bạn muốn tìm một con game đồ hoạ đẹp ?\"}, \"type\": \"paragraph\"}, {\"id\": \"0FVjAxr8fZ\", \"data\": {\"text\": \"Bạn muốn trải nghiệm một thế giới viễn tưởng đầy màu sắc mang khuynh hướng vùng đất Bắc Âu thời kỳ trung cổ ?\"}, \"type\": \"paragraph\"}, {\"id\": \"X1bMIgVnfb\", \"data\": {\"text\": \"Hãy đến với Hiệp Sĩ online, nơi bạn sẽ trở thành một vị anh hùng đi giải cứu thế giới\"}, \"type\": \"paragraph\"}, {\"id\": \"FJ949Gt0-q\", \"data\": {\"text\": \"Là một game nhập vai trực tuyến – Thời Đại Hiệp Sĩ mang đến cốt truyện hấp dẫn và vui nhộn, thế giới rộng lớn thỏa sức khám phá, hệ thống chiến đấu – vật phẩm đa dạng cùng với 4 lớp nhân vật để bạn lựa chọn.\"}, \"type\": \"paragraph\"}, {\"id\": \"tuqP2xVqdy\", \"data\": {\"text\": \"Thời Đại Hiệp Sĩ là trò chơi trực tuyến đa nền tảng. Bạn có thể chơi được trên máy tính PC Windows, iPhone, Các dòng máy chạy hệ điều hành Android, Windows Phone, và có cả bản Java chạy trên S40, S60 cũ của Nokia. Với chất lượng cao và tốc độ mượt mà trên các loại đường truyền mạng ADSL, 3G, GPRS.\"}, \"type\": \"paragraph\"}, {\"id\": \"jzlJLG3zo_\", \"data\": {\"text\": \"Danh sách các kỹ năng\", \"level\": 3}, \"type\": \"header\"}, {\"id\": \"5FrOllc0q-\", \"data\": {\"text\": \"Chiến binh\"}, \"type\": \"paragraph\"}, {\"id\": \"wQjVwAcYyt\", \"data\": {\"file\": {\"url\": \"http://localhost:3030/public/images/1685411967988.png\"}, \"caption\": \"\", \"stretched\": false, \"withBorder\": false, \"withBackground\": false}, \"type\": \"image\"}, {\"id\": \"Pn_y6Hi6zJ\", \"data\": {\"text\": \"Sát thủ\"}, \"type\": \"paragraph\"}, {\"id\": \"47d-v8T4j-\", \"data\": {\"file\": {\"url\": \"http://localhost:3030/public/images/1685411974102.png\"}, \"caption\": \"\", \"stretched\": false, \"withBorder\": false, \"withBackground\": false}, \"type\": \"image\"}, {\"id\": \"eJy_1cs1zh\", \"data\": {\"text\": \"Thế giới rộng lớn\", \"level\": 3}, \"type\": \"header\"}, {\"id\": \"IuXwg1mbQO\", \"data\": {\"file\": {\"url\": \"http://localhost:3030/public/images/1685412020688.png\"}, \"caption\": \"map tổng\", \"stretched\": false, \"withBorder\": false, \"withBackground\": false}, \"type\": \"image\"}, {\"id\": \"IwQiQnSyl8\", \"data\": {\"file\": {\"url\": \"http://localhost:3030/public/images/1685412024911.png\"}, \"caption\": \"ven làng\", \"stretched\": false, \"withBorder\": false, \"withBackground\": false}, \"type\": \"image\"}, {\"id\": \"k3z-XfZiuU\", \"data\": {\"file\": {\"url\": \"http://localhost:3030/public/images/1685412029252.png\"}, \"caption\": \"hang động\", \"stretched\": false, \"withBorder\": false, \"withBackground\": false}, \"type\": \"image\"}, {\"id\": \"yoEe6_manQ\", \"data\": {\"file\": {\"url\": \"http://localhost:3030/public/images/1685412034410.png\"}, \"caption\": \"bờ biển\", \"stretched\": false, \"withBorder\": false, \"withBackground\": false}, \"type\": \"image\"}, {\"id\": \"G8Ixt5jEUM\", \"data\": {\"file\": {\"url\": \"http://localhost:3030/public/images/1685412039201.png\"}, \"caption\": \"đầm lầy\", \"stretched\": false, \"withBorder\": false, \"withBackground\": false}, \"type\": \"image\"}, {\"id\": \"zKD7yE3mRo\", \"data\": {\"file\": {\"url\": \"http://localhost:3030/public/images/1685412047920.png\"}, \"caption\": \"chiến trường giun\", \"stretched\": false, \"withBorder\": false, \"withBackground\": false}, \"type\": \"image\"}]}'),(14,'Kiếm thế Online - Game tru tiên mới','trutien.jpg','Chơi đi anh em, cuốn lắm',16,2,4,'2023-05-26 00:00:00',2,1,'none',1,'{\"blocks\": [{\"id\": \"4oVlGXDjdP\", \"data\": {\"file\": {\"url\": \"http://localhost:3030/public/images/1685412446248.jpg\"}, \"caption\": \"caption\", \"stretched\": false, \"withBorder\": false, \"withBackground\": false}, \"type\": \"image\"}]}'),(17,'Genshin Impact: Hướng dẫn build Nilou, \"siêu sao\" mới của Teyvat khiến Zhongli phải chào thua','nilou-1.jpg','Genshin Impact: Hướng dẫn build Nilou, \"siêu sao\" mới của Teyvat khiến Zhongli phải chào thua',4,2,4,'2023-05-27 00:00:00',9,1,'none',1,'{\"blocks\": [{\"id\": \"6z78Gy8G4t\", \"data\": {\"text\": \"Trong bài viết này, Sforum xin được chia sẻ cùng bạn cách build Nilou để tiêu diệt mọi thể loại quái lẫn boss và La Hoàn trong game. Cách build và sử dụng Nilou sẽ khá phức tạp do bộ kỹ năng độc đáo của nhân vật này, hãy theo dõi kỹ bài viết nhé!\"}, \"type\": \"paragraph\"}, {\"id\": \"4uAsy-5djT\", \"data\": {\"file\": {\"url\": \"http://localhost:3030/public/images/1685416623120.jpg\"}, \"caption\": \"Nếu bạn là một wibu “thứ thiệt” và có niềm đam mê mãnh liệt với bộ môn gacha thần thánh trong Genshin Impact, thì hãy tham gia ngay cộng đồng Discord của S-Games. Tại đây bạn có thể tán dóc, trao đổi, chia sẻ kinh nghiệm với những người chơi khác để build được nhân vật hay đội hình thích hợp, sẵn sàng khám phá thế giới Teyvat tuyệt đẹp, Ngoài ra, những minigame cùng phần quà hấp dẫn đang chờ đợi bạn tại Discord của S-Games\", \"stretched\": false, \"withBorder\": false, \"withBackground\": false}, \"type\": \"image\"}, {\"id\": \"Gb09TqWaqQ\", \"data\": {\"text\": \"Nilou làm được gì?\", \"level\": 3}, \"type\": \"header\"}, {\"id\": \"gEmeiggXHb\", \"data\": {\"text\": \"Trong thời điểm hiện tại, Nilou cho thấy mình được thiết kế để chơi trong đội hình thuần Thảo + Thủy, và gây sát thương bằng các Hạt Nhân Căng Tròn được tạo ra bởi phản ứng Sum Xuê đặc biệt của mình. Dù không thể được dùng cho Nở Rộ và Bung Tỏa, Hạt Nhân Căng Tròn của Nilou lại có tầm AOE lớn hơn và sát thương cao hơn.\"}, \"type\": \"paragraph\"}, {\"id\": \"qo5XSNBOVJ\", \"data\": {\"embed\": \"https://www.youtube.com/embed/P5DeAD_uXE0\", \"width\": 580, \"height\": 320, \"source\": \"https://youtu.be/P5DeAD_uXE0\", \"caption\": \"\", \"service\": \"youtube\"}, \"type\": \"embed\"}, {\"id\": \"Oz4hEBEwxb\", \"data\": {\"text\": \"Đặc biệt, nhờ vào thiên phú Sảnh Đường Ngân Nga mà tất cả nhân vật trong đội đều có khả năng tạo ra Hạt Nhân Căng Tròn chứ không phải chỉ mình Nilou. Vì vậy, để có thể tối ưu sát thương của Nilou, game thủ nên để cho nhân vật có chỉ số tinh thông nguyên tố cao nhất trong đội hình kích hoạt phản ứng Sum Xuê. Khi chơi theo hướng này, Nilou sẽ là một nhân vật cấp Thủy từ ngoài sân, nhường chỗ cho nhân vật khác đứng sân kích phản ứng.\"}, \"type\": \"paragraph\"}, {\"id\": \"hBNAm0XSrx\", \"data\": {\"text\": \"Vào thời điểm hiện tại, chúng ta chỉ có 3 nhân vật hệ Thảo là Tighnari, Collei và Nhà Lữ Hành, nhưng cả 3 đều không thực sự lý tưởng cho Nilou. Đội hình của cô nàng có lẽ sẽ chỉ hoàn thiện khi Thảo Thần Nahida ra mắt vào ngày đầu tiên của patch 3.2 (dự kiến là 3/11/2022).\"}, \"type\": \"paragraph\"}]}'),(18,'Genshin Impact: Top đội hình mạnh để build cùng Raiden Shogun','cach-choi-raiden-genshin-impact-thong-tin-guide-skill-moi-thumb-640x360.jpg','Cách build đội hình Raiden Shogun trong Genshin Impact như thế nào để phát huy tối đa sức mạnh của các nhân vật trong toàn đội hình. Xây dựng team Raiden Shogun sẽ ảnh hưởng đến chiến thuật của toàn trận đấu khi chơi Genshin Impact.',4,3,4,'2023-05-29 00:00:00',11,1,'none',1,'{\"blocks\": [{\"id\": \"vDihKMV7Xv\", \"data\": {\"text\": \"Cách buil team của mỗi người chơi là hoàn toàn khác nhau, tuy nhiên đội hình Raiden Shogun nào mới mang đến sức mạnh hủy diệt đối thủ lại là vấn đề vô cùng đau đầu đối với các game thủ. Tuy nhiên Download.vn sẽ gửi đến các bạn một số gợi ý cho việc buil team Raiden Shogun để phát huy được sức mạnh tốt nhất cho tất cả thành viên.\"}, \"type\": \"paragraph\"}, {\"id\": \"gsFliHF8fH\", \"data\": {\"text\": \"Genshin Impact là một trong số game gacha được yêu thích nhất hiện nay. Với thiết kế đồ họa tuyệt đẹp cùng lối chơi khám phá đấu boss hấp dẫn, game luôn mang tới cho người chơi nhiều bất ngờ thú vị. Một trong số nhân tố quan trọng khi chơi game là xây dựng đội hình nhân vật. Bài viết này sẽ tập trung vào Raiden Shogun.\"}, \"type\": \"paragraph\"}, {\"id\": \"jU0DyNLnIw\", \"data\": {\"text\": \"Genshin Impact là một trong số game gacha được yêu thích nhất hiện nay. Với thiết kế đồ họa tuyệt đẹp cùng lối chơi khám phá đấu boss hấp dẫn, game luôn mang tới cho người chơi nhiều bất ngờ thú vị. Một trong số nhân tố quan trọng khi chơi game là xây dựng đội hình nhân vật. Bài viết này sẽ tập trung vào Raiden Shogun.\"}, \"type\": \"paragraph\"}, {\"id\": \"AyFh1rbXyV\", \"data\": {\"text\": \"Mặc dù Raiden Shogun đã có mặt trong game từ trước, tuy nhiên, một số sự kiện trong Genshin Impact đã đưa nhân vật này trở thành tâm điểm một lần nữa. Một Archon Quest mới đã đưa câu chuyện về Raiden Shogun đi xa hơn. Một boss mới sẽ chiến đấu với một phiên bản Raiden Shogun kỳ lạ. Nếu sở hữu nhân vật này, nên ghép đội hình Raiden Shogun như thế nào để giành chiến thắng trong mọi trận đấu?\"}, \"type\": \"paragraph\"}, {\"id\": \"zX948xr_Cb\", \"data\": {\"text\": \"Bên cạnh đó cũng còn rất nhiều đội hình kết hợp với Raiden Shogun tạo nên sự hoàn hảo mà chúng tôi chưa thể liệt kê hết, cũng như chưa có cơ hội trải nghiệm. Thông qua các kỹ năng, đặc điểm nhân vật chắc chắn mỗi người sẽ có cho mình 1 đội Genshin Impact Raiden Shogun tốt nhất.\"}, \"type\": \"paragraph\"}, {\"id\": \"9XjWN-oEvy\", \"data\": {\"file\": {\"url\": \"http://localhost:3030/public/images/1685417307472.jpg\"}, \"caption\": \"\", \"stretched\": false, \"withBorder\": false, \"withBackground\": false}, \"type\": \"image\"}, {\"id\": \"toQL8tcDnk\", \"data\": {\"file\": {\"url\": \"http://localhost:3030/public/images/1685417311575.jpg\"}, \"caption\": \"\", \"stretched\": false, \"withBorder\": false, \"withBackground\": false}, \"type\": \"image\"}, {\"id\": \"3lInotJcb9\", \"data\": {\"file\": {\"url\": \"http://localhost:3030/public/images/1685417317854.jpg\"}, \"caption\": \"\", \"stretched\": false, \"withBorder\": false, \"withBackground\": false}, \"type\": \"image\"}]}'),(21,'Hướng dẫn chơi Kiếm trong Ninja','tai-ninja-school-thieu-nien-anh-hung-242482-logo-15-06-2021.png','kiếm',5,2,4,'2023-01-01 00:00:00',1,0,'none',1,'{\"blocks\": [{\"id\": \"-DLhXlvXpe\", \"data\": {\"file\": {\"url\": \"http://localhost:3030/public/images/1685418780678.jpg\"}, \"caption\": \"\", \"stretched\": false, \"withBorder\": false, \"withBackground\": false}, \"type\": \"image\"}]}'),(22,'Vũ Minh Hiếu - Game thủ xuất thân từ ĐH Giao Thông Vận Tải','avatar.jpg','Anh ấy đã đạt mức rank Cao thủ trong Liên quân Mobile',18,3,4,'2000-12-26 00:00:00',4,1,'none',0,'{\"blocks\": [{\"id\": \"0FQfxx_w21\", \"data\": {\"text\": \"raiden\"}, \"type\": \"paragraph\"}, {\"id\": \"iu6Ce69HMU\", \"data\": {\"file\": {\"url\": \"http://localhost:3030/public/images/1685457194308.jpg\"}, \"caption\": \"\", \"stretched\": false, \"withBorder\": false, \"withBackground\": false}, \"type\": \"image\"}]}'),(23,'daokiem','ban-tin-teyvat-ky-01.jpg','aaa',3,2,4,'2012-12-12 00:00:00',0,0,'none',1,'{\"blocks\": []}'),(25,'Hướng dẫn chơi Phô Lô Ti Nô','pholo.jpg','Phô lô ti nô',4,2,4,'2023-05-29 00:00:00',4,1,'none',1,'{\"blocks\": [{\"id\": \"Gof6-ZsqRp\", \"data\": {\"file\": {\"url\": \"http://localhost:3030/public/images/1685432318257.jpg\"}, \"caption\": \"\", \"stretched\": false, \"withBorder\": false, \"withBackground\": false}, \"type\": \"image\"}]}'),(26,'Hướng dẫn chơi veres trong Liên quân mobile','huong-dan-choi-veres-mua-14-bang-ngoc-phu-hieu-va-cach-choi-thumb2-800x450.jpg','Đây là vị tướng rất khó chơi đòi hỏi kĩ năng cao',4,2,4,'2023-05-27 00:00:00',5,1,'none',1,'{\"blocks\": [{\"id\": \"DKQ3UHHOZW\", \"data\": {\"file\": {\"url\": \"http://localhost:3030/public/images/1685427091609.jpg\"}, \"caption\": \"Đấu sĩ vẻ\", \"stretched\": false, \"withBorder\": false, \"withBackground\": false}, \"type\": \"image\"}, {\"id\": \"h2bn82ko4H\", \"data\": {\"text\": \"I. Điểm mạnh và điểm yếu của Veres&nbsp;\", \"level\": 3}, \"type\": \"header\"}, {\"id\": \"0TgsO1hqxT\", \"data\": {\"text\": \"1. Điểm mạnh&nbsp;\", \"level\": 4}, \"type\": \"header\"}, {\"id\": \"WrzABr8Y8O\", \"data\": {\"text\": \"Khi tích đủ 5 điểm, Veres sẽ kích hoạt nội tại huyết xích giúp hồi máu và miễn khống chế\"}, \"type\": \"paragraph\"}, {\"id\": \"6DmbSot9CH\", \"data\": {\"text\": \"Bộ chiêu thức 1 + 2 đều hỗ trợ tích thêm điểm cho nội tại, đồng thời nội tại trúng tướng cũng giúp hồi chiêu\"}, \"type\": \"paragraph\"}, {\"id\": \"gWgJIJ1S0d\", \"data\": {\"text\": \"2. Điểm yếu&nbsp;\", \"level\": 4}, \"type\": \"header\"}, {\"id\": \"hbkGnRzVET\", \"data\": {\"text\": \"Bộ chiêu thức của Veres khá khó trúng mục tiêu, nếu sử dụng không chính xác thì Veres sẽ dễ dàng “bốc hơi” trong giao tranh.\"}, \"type\": \"paragraph\"}, {\"id\": \"_Q-NbEzUyh\", \"data\": {\"text\": \"Chiêu thức của Veres&nbsp;chỉ mạnh khi áp sát, vì vậy Veres khá sợ những vị tướng khống chế tầm xa\"}, \"type\": \"paragraph\"}, {\"id\": \"-gdfistWvt\", \"data\": {\"file\": {\"url\": \"http://localhost:3030/public/images/1685427710483.jpg\"}, \"caption\": \"Bảng ngọc\", \"stretched\": false, \"withBorder\": false, \"withBackground\": false}, \"type\": \"image\"}, {\"id\": \"xQBZbnCD5E\", \"data\": {\"file\": {\"url\": \"http://localhost:3030/public/images/1685427718782.jpg\"}, \"caption\": \"Bảng nâng chiêu\", \"stretched\": false, \"withBorder\": false, \"withBackground\": false}, \"type\": \"image\"}]}'),(27,'Giftcode Genshin 3.0','Splashscreen_The_Morn_a_Thousand_Roses_Brings.webp','Dưới đây là mã quà tặng phiên bản 3.0',9,1,4,'2023-05-30 00:00:00',0,1,'none',1,'{\"blocks\": [{\"id\": \"Y2BfJWoDls\", \"data\": {\"file\": {\"url\": \"http://localhost:3030/public/images/1685427971078.webp\"}, \"caption\": \"\", \"stretched\": false, \"withBorder\": false, \"withBackground\": false}, \"type\": \"image\"}, {\"id\": \"gQuL_MReC9\", \"data\": {\"file\": {\"url\": \"http://localhost:3030/public/images/1685427979105.webp\"}, \"caption\": \"\", \"stretched\": false, \"withBorder\": false, \"withBackground\": false}, \"type\": \"image\"}]}'),(28,'Giftcode Genshin 3.1','3.1.png','Dưới đây là Giftcode Genshin phiên bản 3.1',9,2,6,'2023-05-29 00:00:00',2,1,'none',1,'{\"blocks\": [{\"id\": \"EqP6nq7j-e\", \"data\": {\"file\": {\"url\": \"http://localhost:3030/public/images/1685428707033.webp\"}, \"caption\": \"\", \"stretched\": false, \"withBorder\": false, \"withBackground\": false}, \"type\": \"image\"}]}'),(29,'Giftcode Genshin 3.2','3.2.png','Dưới đây là Giftcode Genshin phiên bản 3.2',9,2,6,'2023-05-27 00:00:00',3,1,'none',1,'{\"blocks\": [{\"id\": \"MQO4gq33Hb\", \"data\": {\"file\": {\"url\": \"http://localhost:3030/public/images/1685428719879.webp\"}, \"caption\": \"\", \"stretched\": false, \"withBorder\": false, \"withBackground\": false}, \"type\": \"image\"}]}'),(30,'Giftcode Genshin 3.3','3.3.png','Dưới đây là Giftcode Genshin phiên bản 3.3',9,2,6,'2023-05-29 00:00:00',0,1,'none',1,'{\"blocks\": [{\"id\": \"JTNLGLWSj_\", \"data\": {\"file\": {\"url\": \"http://localhost:3030/public/images/1685428758349.webp\"}, \"caption\": \"\", \"stretched\": false, \"withBorder\": false, \"withBackground\": false}, \"type\": \"image\"}]}'),(31,'Giftcode Genshin 3.4','3.4.png','Dưới đây là Giftcode Genshin phiên bản 3.4',9,2,6,'2023-05-29 00:00:00',0,1,'none',1,'{\"blocks\": [{\"id\": \"F0UgQTr0JE\", \"data\": {\"file\": {\"url\": \"http://localhost:3030/public/images/1685428780716.webp\"}, \"caption\": \"\", \"stretched\": false, \"withBorder\": false, \"withBackground\": false}, \"type\": \"image\"}]}'),(32,'Giftcode Genshin 3.5','3.5.png','Dưới đây là Giftcode Genshin phiên bản 3.5',9,2,6,'2023-05-29 00:00:00',0,1,'none',1,'{\"blocks\": [{\"id\": \"Y9AItda1iA\", \"data\": {\"file\": {\"url\": \"http://localhost:3030/public/images/1685428791547.webp\"}, \"caption\": \"\", \"stretched\": false, \"withBorder\": false, \"withBackground\": false}, \"type\": \"image\"}]}'),(33,'Giftcode Genshin 3.6','3.6.png','Dưới đây là Giftcode Genshin phiên bản 3.6',9,2,6,'2023-05-29 00:00:00',0,1,'none',1,'{\"blocks\": [{\"id\": \"bCDNNvhCO9\", \"data\": {\"file\": {\"url\": \"http://localhost:3030/public/images/1685428809836.webp\"}, \"caption\": \"\", \"stretched\": false, \"withBorder\": false, \"withBackground\": false}, \"type\": \"image\"}]}'),(34,'Hướng dẫn chơi Lindis LMHT','lindis.jpg','Lindis',5,3,4,'2021-02-01 00:00:00',2,1,'none',1,'{\"blocks\": [{\"id\": \"xPXa3g0ymL\", \"data\": {\"file\": {\"url\": \"http://localhost:3030/public/images/1685432513878.jpg\"}, \"caption\": \"\", \"stretched\": false, \"withBorder\": false, \"withBackground\": false}, \"type\": \"image\"}, {\"id\": \"CdkflxJMoU\", \"data\": {\"embed\": \"https://www.youtube.com/embed/sED8iRqGmJo\", \"width\": 580, \"height\": 320, \"source\": \"https://youtu.be/sED8iRqGmJo\", \"caption\": \"\", \"service\": \"youtube\"}, \"type\": \"embed\"}]}'),(35,'Hướng dẫn chơi Vanhein Liên Quân Mobile','vanhein.jpg','Vanhein',6,3,4,'2023-05-31 00:00:00',0,1,'none',1,'{\"blocks\": [{\"id\": \"-iQqzt-E5A\", \"data\": {\"file\": {\"url\": \"http://localhost:3030/public/images/1685433061611.jpg\"}, \"caption\": \"\", \"stretched\": false, \"withBorder\": false, \"withBackground\": false}, \"type\": \"image\"}]}'),(36,'Hướng dẫn chơi Yoto Hime Naraka:Blade Point','1920x1080 (1).jpg','Yotochi',6,3,4,'2023-05-31 00:00:00',0,1,'none',1,'{\"blocks\": [{\"id\": \"IDjB3Qgkde\", \"data\": {\"file\": {\"url\": \"http://localhost:3030/public/images/1685433137697.jpg\"}, \"caption\": \"\", \"stretched\": false, \"withBorder\": false, \"withBackground\": false}, \"type\": \"image\"}]}'),(37,'Gửi anh em Bộ hình nền cho máy tính cực đẹp','shiranui.png','Hình nền lấy từ game Âm dương sư nhé anh em',18,3,4,'2023-05-31 00:00:00',16,1,'active',1,'{\"blocks\": [{\"id\": \"cYnb8I828h\", \"data\": {\"file\": {\"url\": \"http://localhost:3030/public/images/1685433687974.jpg\"}, \"caption\": \"\", \"stretched\": false, \"withBorder\": false, \"withBackground\": false}, \"type\": \"image\"}, {\"id\": \"9zkGBsWu-F\", \"data\": {\"file\": {\"url\": \"http://localhost:3030/public/images/1685433692546.jpg\"}, \"caption\": \"\", \"stretched\": false, \"withBorder\": false, \"withBackground\": false}, \"type\": \"image\"}, {\"id\": \"Nmxf8Mq8XO\", \"data\": {\"file\": {\"url\": \"http://localhost:3030/public/images/1685433696760.jpg\"}, \"caption\": \"\", \"stretched\": false, \"withBorder\": false, \"withBackground\": false}, \"type\": \"image\"}, {\"id\": \"8Oz18BOzJP\", \"data\": {\"file\": {\"url\": \"http://localhost:3030/public/images/1685433700494.jpg\"}, \"caption\": \"\", \"stretched\": false, \"withBorder\": false, \"withBackground\": false}, \"type\": \"image\"}, {\"id\": \"83cx3Nl6VL\", \"data\": {\"file\": {\"url\": \"http://localhost:3030/public/images/1685433704221.jpg\"}, \"caption\": \"\", \"stretched\": false, \"withBorder\": false, \"withBackground\": false}, \"type\": \"image\"}, {\"id\": \"2g5CGyDke1\", \"data\": {\"file\": {\"url\": \"http://localhost:3030/public/images/1685433707764.jpg\"}, \"caption\": \"\", \"stretched\": false, \"withBorder\": false, \"withBackground\": false}, \"type\": \"image\"}, {\"id\": \"RW09DwAHxX\", \"data\": {\"link\": \"https://play.google.com/store/apps/details?id=com.netease.onmyoji.gb&hl=vi&gl=US&pli=1\", \"meta\": {}}, \"type\": \"linkTool\"}]}'),(38,'Mortal Kombat 11 – Đánh Giá Game','mortal-kombat-11-danh-gia-game-11.jpg','Mortal Kombat 11 – Khi ra mắt vào năm 1995, phiên bản Mortal Kombat đầu tiên đã gây nên một “cơn sốt” vào thời điểm bấy giờ khi gián tiếp… tạo nên cơ quan thẩm định video game ESRB của Mỹ. Đến nay, dòng game này vẫn đang được xem là một trong những thương hiệu video game tai tiếng nhất của nền công nghiệp game nhờ vào mức độ bạo lực gây sốc của nó.  Năm 2019, Mortal Kombat 11 lại ra mắt và cũng lại mắc thêm “scandal” mới. Thế nhưng lần này, nó lại liên đới đến môi trường làm việc thiếu lành mạnh dành cho nhân viên tại NetherRealm Studios, cũng như những lùm xùm xoay quanh yếu tố cày cuốc quá độ vốn không có chỗ đứng trong một tựa game AAA. Và đó quả là một vết nhơ đáng tiếc, bởi đây có thể được xem là phiên bản Mortal Kombat hiện đại tròn vai nhất kể từ khi dòng game được tái khởi động từ năm 2011 cho tới nay.',7,3,6,'2023-06-01 00:00:00',1,1,'none',1,'{\"blocks\": [{\"id\": \"_tAtOMTC-k\", \"data\": {\"file\": {\"url\": \"http://localhost:3030/public/images/1685442672338.jpg\"}, \"caption\": \"\", \"stretched\": false, \"withBorder\": false, \"withBackground\": false}, \"type\": \"image\"}, {\"id\": \"jwTahZXTpe\", \"data\": {\"text\": \"Mortal Kombat 11 hoạt động theo cách mà bạn mong đợi một tựa game đối kháng 2D hoạt động, trong đó đánh trúng kẻ thù chỉ chiếm 1/5 công việc mà bạn phải thực hiện để thắng một trận đấu.\"}, \"type\": \"paragraph\"}, {\"id\": \"uRLzndNGRn\", \"data\": {\"text\": \"Ra đòn thấp để nhanh chóng “poke” địch, ra đòn cao có tầm xa tốt hơn nhưng diễn ra chậm hơn, đòn phủ đầu (Overhead) dùng để phá thế đỡ ở tư thế ngồi. Bài toán phản xạ bắt đầu mở rộng với các đòn đánh tầm xa, đòn đặc biệt (Special Move) và các combo có thể được thi triển tùy vào khả năng tâng người (juggle) của nhân vật, cũng như kỹ năng hủy combo thường bằng đòn đặc biệt của người chơi. Vượt qua giai đoạn này và bạn sẽ phải “đối phó” với những khái niệm mới: Breakaway dùng để thoát trạng thái bị tâng người, Amplify dùng để kéo dài hoặc gia tăng công dụng của một số đòn đặc biệt, lăn người trong lúc “đo đất” để thoát khỏi tình trạng bị dồn vào góc hẹp, đâu là những đòn đánh được cho là an toàn hay rủi ro và đâu là những đòn đánh dễ bị trừng phạt…\"}, \"type\": \"paragraph\"}, {\"id\": \"5ISk_uclT8\", \"data\": {\"file\": {\"url\": \"http://localhost:3030/public/images/1685442689848.webp\"}, \"caption\": \"\", \"stretched\": false, \"withBorder\": false, \"withBackground\": false}, \"type\": \"image\"}, {\"id\": \"YqoG5nWsea\", \"data\": {\"text\": \"Lượng thông tin mà Mortal Kombat 11 truyền tải về cơ chế của nó có thể hơi quá mức dành cho những người mới chơi. Thế nên trò chơi cũng tinh ý hỗ trợ một phần hướng dẫn “tận răng” đầy chi tiết từ cơ bản đến nâng cao, thậm chí còn mang trở lại các chỉ dẫn nhanh cho từng nhân vật từ Injustice 2. Đến cả một số cơ chế ẩn hay khía cạnh mà thông thường bạn sẽ phải tự mò lấy trên diễn đàn game hay Youtube (như Frame Data chẳng hạn) cũng được đưa vào game. Bấy nhiêu đó là quá đủ để bảo toàn những đấu sỹ “chân ướt chân ráo” vào Mortal Kombat 11.\"}, \"type\": \"paragraph\"}, {\"id\": \"7acUNVxcc4\", \"data\": {\"text\": \"Nó có thể không phải là tựa game đối kháng “hardcore” nhất ở thị trường hiện nay, thế nhưng cảm giác thỏa mãn qua mỗi chiến thắng của một trận song đấu vẫn còn đó. Nhịp độ của Mortal Kombat 11 chậm, chậm hơn nhiều so với hai phiên bản trước. Game mang đến nhiều cơ hội phản công dành cho bên chịu đòn hơn, không chỉ qua một cơ chế Fatal Blow mang tính “clutch” cực kỳ cao, mà còn với Flawless Block tưởng thưởng cho phản xạ tốt. Các đòn combo dài hơi vẫn yêu cầu người chơi tự mình khám phá, và bất kỳ ai cũng có quyền ngạo nghễ khi nhuần nhuyễn trổ combo 10 đòn đánh của mình.\"}, \"type\": \"paragraph\"}, {\"id\": \"5iF_UOHbck\", \"data\": {\"text\": \"Và… dĩ nhiên hãy nhớ là, không ai cấm cản bạn “spam” combo dịch chuyển với variation Searing Rage hay bất kỳ thứ gì mà bạn sáng tạo được. Chỉ có kẻ địch mới phải trách chính họ khi không tìm được cách trừng phạt bạn mà thôi.\"}, \"type\": \"paragraph\"}]}'),(39,'Sekiro: Shadows Die Twice – Đánh Giá Game','sekiro-shadow-die-twice-danh-gia-game-161.jpg','Sekiro: Shadows Die Twice – Đánh Giá Game',19,2,4,'2023-05-21 00:00:00',218,1,'none',1,'{\"blocks\": [{\"id\": \"lMU_FFXRSa\", \"data\": {\"file\": {\"url\": \"http://localhost:3030/public/images/1710855920626.jpg\"}, \"caption\": \"\", \"stretched\": false, \"withBorder\": false, \"withBackground\": false}, \"type\": \"image\"}]}'),(40,'Đánh giá The Witcher 3','ca20a040b7e7dbf11f954b4fa85e1ecdcf8f95eeba8ebf71f89455794eec80f2.jpg','The Witcher 3 - Game hay cần chơi ngay',19,2,6,'2023-05-30 00:00:00',22,1,'none',1,'{\"blocks\": [{\"id\": \"1RW-HKw5pZ\", \"data\": {\"file\": {\"url\": \"http://localhost:3030/public/images/1685454033835.jpg\"}, \"caption\": \"\", \"stretched\": false, \"withBorder\": false, \"withBackground\": false}, \"type\": \"image\"}]}'),(41,'Đánh giá Liên quân Mobile','img-share.jpg','Liên Quân Mobile - Game cho người thành công ?',19,2,6,'2023-05-30 00:00:00',0,1,'none',1,'{\"blocks\": [{\"id\": \"ICrLj8Kfnl\", \"data\": {\"file\": {\"url\": \"http://localhost:3030/public/images/1685454057036.jpg\"}, \"caption\": \"\", \"stretched\": false, \"withBorder\": false, \"withBackground\": false}, \"type\": \"image\"}]}'),(42,'Đánh giá Liên minh huyền thoại - Tốc chiến','thumb_main.png','Wildrift - Liệu có thể soán ngôi Liên quân tại Việt Nam',19,2,6,'2023-05-29 00:00:00',0,1,'none',1,'{\"blocks\": [{\"id\": \"pt-nPeldcB\", \"data\": {\"file\": {\"url\": \"http://localhost:3030/public/images/1685454122280.png\"}, \"caption\": \"\", \"stretched\": false, \"withBorder\": false, \"withBackground\": false}, \"type\": \"image\"}]}'),(43,'The Simp 4 - Số phận giờ ra sao','14dc51b0-344e-11ed-bf58-673a821ec893.cf.jpg','Game hay 1 thời giờ ra sao khi rơi vào tay EA',19,2,4,'2023-01-02 00:00:00',1,1,'none',1,'{\"blocks\": [{\"id\": \"riwaYPCahj\", \"data\": {\"file\": {\"url\": \"http://localhost:3030/public/images/1685456355519.jpg\"}, \"caption\": \"\", \"stretched\": false, \"withBorder\": false, \"withBackground\": false}, \"type\": \"image\"}]}'),(44,'Hướng dẫn chơi Joker','99e61bc305c2debe25cdea690384ca2359d1abefd8b44.jpg','Joker Gottham hay Tuấn Cùi Bến Tre',6,3,4,'2023-01-02 00:00:00',0,1,'none',1,'{\"blocks\": [{\"id\": \"ypnsFSYpCa\", \"data\": {\"file\": {\"url\": \"http://localhost:3030/public/images/1685456403057.jpg\"}, \"caption\": \"\", \"stretched\": false, \"withBorder\": false, \"withBackground\": false}, \"type\": \"image\"}]}'),(45,'Hướng dẫn chơi Rourke','f8aa14696ccc1cf02e6d2be8bb0676cc5b191602b9089.jpg','Cựu chiến binh nhưng không hề bỏ cuộc',6,3,4,'2023-01-02 00:00:00',0,1,'none',1,'{\"blocks\": [{\"id\": \"jzmoRGGV82\", \"data\": {\"file\": {\"url\": \"http://localhost:3030/public/images/1685456444298.jpg\"}, \"caption\": \"\", \"stretched\": false, \"withBorder\": false, \"withBackground\": false}, \"type\": \"image\"}]}'),(46,'Batman phiêu lưu ký - Bạn đã thử chưa','batman.jpg','Cùng Batman uống matcha nhé',13,3,4,'2023-01-02 00:00:00',0,1,'none',1,'{\"blocks\": [{\"id\": \"WJSywK3mtC\", \"data\": {\"file\": {\"url\": \"http://localhost:3030/public/images/1685456573852.jpg\"}, \"caption\": \"\", \"stretched\": false, \"withBorder\": false, \"withBackground\": false}, \"type\": \"image\"}]}'),(47,'Dead Island 2 - Game mới dành cho anh em thích mạo hiểm','Dead-Island-2---Mot-tro-choi-zombie-khong-qua-ni-bat364dc20bf851c628.jpg','Bạn quá chán ngấy với zombie miền tây, hãy đến mới DI2 - Nơi bạn có thể trải nghiệm cảm giác đi săn và bị săn',13,3,4,'2023-01-02 00:00:00',0,1,'none',1,'{\"blocks\": [{\"id\": \"36huvSIFtW\", \"data\": {\"file\": {\"url\": \"http://localhost:3030/public/images/1685456679890.jpg\"}, \"caption\": \"\", \"stretched\": false, \"withBorder\": false, \"withBackground\": false}, \"type\": \"image\"}]}'),(48,'ĐẶT TRƯỚC SỔ SỨ MỆNH 1','vp54PS.jpg','ĐẶT TRƯỚC SỔ SỨ MỆNH 54 - CỤC CHỐNG BẠO ĐỘNG',2,2,4,'2012-12-11 00:00:00',0,1,'none',1,'{\"blocks\": [{\"id\": \"1sck0sQT3x\", \"data\": {\"file\": {\"url\": \"http://localhost:3030/public/images/1685456822729.jpg\"}, \"caption\": \"\", \"stretched\": false, \"withBorder\": false, \"withBackground\": false}, \"type\": \"image\"}]}'),(49,'ĐẶT TRƯỚC SỔ SỨ MỆNH 2','vp54PS.jpg','ĐẶT TRƯỚC SỔ SỨ MỆNH 54 - CỤC CHỐNG BẠO ĐỘNG',2,2,4,'2012-12-11 00:00:00',0,1,'none',1,'{\"blocks\": [{\"id\": \"1sck0sQT3x\", \"data\": {\"file\": {\"url\": \"http://localhost:3030/public/images/1685456822729.jpg\"}, \"caption\": \"\", \"stretched\": false, \"withBorder\": false, \"withBackground\": false}, \"type\": \"image\"}]}'),(50,'ĐẶT TRƯỚC SỔ SỨ MỆNH 3','vp54PS.jpg','ĐẶT TRƯỚC SỔ SỨ MỆNH 54 - CỤC CHỐNG BẠO ĐỘNG',2,2,4,'2012-12-11 00:00:00',0,1,'none',1,'{\"blocks\": [{\"id\": \"1sck0sQT3x\", \"data\": {\"file\": {\"url\": \"http://localhost:3030/public/images/1685456822729.jpg\"}, \"caption\": \"\", \"stretched\": false, \"withBorder\": false, \"withBackground\": false}, \"type\": \"image\"}]}'),(51,'ĐẶT TRƯỚC SỔ SỨ MỆNH 9','vp54PS.jpg','ĐẶT TRƯỚC SỔ SỨ MỆNH 54 - CỤC CHỐNG BẠO ĐỘNG',2,2,4,'2012-12-10 00:00:00',0,1,'none',1,'{\"blocks\": [{\"id\": \"1sck0sQT3x\", \"data\": {\"file\": {\"url\": \"http://localhost:3030/public/images/1685456822729.jpg\"}, \"caption\": \"\", \"stretched\": false, \"withBorder\": false, \"withBackground\": false}, \"type\": \"image\"}]}'),(52,'ĐẶT TRƯỚC SỔ SỨ MỆNH 5','vp54PS.jpg','ĐẶT TRƯỚC SỔ SỨ MỆNH 54 - CỤC CHỐNG BẠO ĐỘNG',2,2,4,'2012-12-11 00:00:00',0,1,'none',1,'{\"blocks\": [{\"id\": \"1sck0sQT3x\", \"data\": {\"file\": {\"url\": \"http://localhost:3030/public/images/1685456822729.jpg\"}, \"caption\": \"\", \"stretched\": false, \"withBorder\": false, \"withBackground\": false}, \"type\": \"image\"}]}'),(53,'ĐẶT TRƯỚC SỔ SỨ MỆNH 6','vp54PS.jpg','ĐẶT TRƯỚC SỔ SỨ MỆNH 54 - CỤC CHỐNG BẠO ĐỘNG',2,2,4,'2012-12-11 00:00:00',0,1,'none',1,'{\"blocks\": [{\"id\": \"1sck0sQT3x\", \"data\": {\"file\": {\"url\": \"http://localhost:3030/public/images/1685456822729.jpg\"}, \"caption\": \"\", \"stretched\": false, \"withBorder\": false, \"withBackground\": false}, \"type\": \"image\"}]}'),(54,'ĐẶT TRƯỚC SỔ SỨ MỆNH 7','vp54PS.jpg','ĐẶT TRƯỚC SỔ SỨ MỆNH 54 - CỤC CHỐNG BẠO ĐỘNG',2,2,4,'2012-12-11 00:00:00',0,1,'none',1,'{\"blocks\": [{\"id\": \"1sck0sQT3x\", \"data\": {\"file\": {\"url\": \"http://localhost:3030/public/images/1685456822729.jpg\"}, \"caption\": \"\", \"stretched\": false, \"withBorder\": false, \"withBackground\": false}, \"type\": \"image\"}]}'),(56,'ĐẶT TRƯỚC SỔ SỨ MỆNH 8','vp54PS.jpg','ĐẶT TRƯỚC SỔ SỨ MỆNH 54 - CỤC CHỐNG BẠO ĐỘNG',2,2,4,'2012-12-11 00:00:00',0,1,'none',1,'{\"blocks\": [{\"id\": \"1sck0sQT3x\", \"data\": {\"file\": {\"url\": \"http://localhost:3030/public/images/1685456822729.jpg\"}, \"caption\": \"\", \"stretched\": false, \"withBorder\": false, \"withBackground\": false}, \"type\": \"image\"}]}'),(57,'ĐẶT TRƯỚC SỔ SỨ MỆNH 4','vp54PS.jpg','ĐẶT TRƯỚC SỔ SỨ MỆNH 54 - CỤC CHỐNG BẠO ĐỘNG',2,2,4,'2012-12-11 00:00:00',0,1,'none',1,'{\"blocks\": [{\"id\": \"1sck0sQT3x\", \"data\": {\"file\": {\"url\": \"http://localhost:3030/public/images/1685456822729.jpg\"}, \"caption\": \"\", \"stretched\": false, \"withBorder\": false, \"withBackground\": false}, \"type\": \"image\"}]}'),(58,'Bản cập nhật 3.0 Genshin','Splashscreen_The_Morn_a_Thousand_Roses_Brings.webp','Genshin 3.0',3,3,4,'2023-09-12 00:00:00',0,1,'none',1,'{\"blocks\": [{\"id\": \"dEU1ylWKJc\", \"data\": {\"file\": {\"url\": \"http://localhost:3030/public/images/1685457504415.webp\"}, \"caption\": \"\", \"stretched\": false, \"withBorder\": false, \"withBackground\": false}, \"type\": \"image\"}]}'),(59,'Bản cập nhật 3.1 Genshin','3.1.png','Bản cập nhật 3.1 Genshin',3,2,4,'2023-12-09 00:00:00',0,1,'none',1,'{\"blocks\": [{\"id\": \"G30rGbz9zH\", \"data\": {\"file\": {\"url\": \"http://localhost:3030/public/images/1685457607127.png\"}, \"caption\": \"\", \"stretched\": false, \"withBorder\": false, \"withBackground\": false}, \"type\": \"image\"}]}'),(60,'Bản cập nhật 3.2 Genshin','3.2.png','Bản cập nhật 3.2 Genshin',3,2,4,'2023-12-09 00:00:00',0,1,'none',1,'{\"blocks\": [{\"id\": \"ewgr93gMAN\", \"data\": {\"file\": {\"url\": \"http://localhost:3030/public/images/1685457616292.png\"}, \"caption\": \"\", \"stretched\": false, \"withBorder\": false, \"withBackground\": false}, \"type\": \"image\"}]}'),(61,'Bản cập nhật 3.3 Genshin','3.3.png','Bản cập nhật 3.3 Genshin',3,2,4,'2023-12-09 00:00:00',1,1,'none',1,'{\"blocks\": [{\"id\": \"ewgr93gMAN\", \"data\": {\"file\": {\"url\": \"http://localhost:3030/public/images/1685457616292.png\"}, \"caption\": \"\", \"stretched\": false, \"withBorder\": false, \"withBackground\": false}, \"type\": \"image\"}]}'),(62,'Bản cập nhật 3.4 Genshin','3.4.png','Bản cập nhật 3.4 Genshin',3,2,4,'2023-12-09 00:00:00',3,1,'none',1,'{\"blocks\": [{\"id\": \"ewgr93gMAN\", \"data\": {\"file\": {\"url\": \"http://localhost:3030/public/images/1685457616292.png\"}, \"caption\": \"\", \"stretched\": false, \"withBorder\": false, \"withBackground\": false}, \"type\": \"image\"}]}'),(63,'Cosplay Yoimiya','z4359569302673_971b15faa9775e5a6f3c705bf0ba5765.jpg','Yoimiya by Hina - Anh em đã roll Yoimiya chưa',11,2,4,'2023-05-21 00:00:00',3,1,'none',1,'{\"blocks\": [{\"id\": \"9i2uVh8m9b\", \"data\": {\"file\": {\"url\": \"http://localhost:3030/public/images/1685459217109.jpg\"}, \"caption\": \"\", \"stretched\": false, \"withBorder\": false, \"withBackground\": false}, \"type\": \"image\"}, {\"id\": \"BH-Ct9bjfY\", \"data\": {\"file\": {\"url\": \"http://localhost:3030/public/images/1685459221207.jpg\"}, \"caption\": \"\", \"stretched\": false, \"withBorder\": false, \"withBackground\": false}, \"type\": \"image\"}, {\"id\": \"OZdOuE_IeY\", \"data\": {\"file\": {\"url\": \"http://localhost:3030/public/images/1685459225764.jpg\"}, \"caption\": \"\", \"stretched\": false, \"withBorder\": false, \"withBackground\": false}, \"type\": \"image\"}, {\"id\": \"MPMEnFOBhx\", \"data\": {\"file\": {\"url\": \"http://localhost:3030/public/images/1685459230230.jpg\"}, \"caption\": \"\", \"stretched\": false, \"withBorder\": false, \"withBackground\": false}, \"type\": \"image\"}, {\"id\": \"INsFoBbAM5\", \"data\": {\"file\": {\"url\": \"http://localhost:3030/public/images/1685459234773.jpg\"}, \"caption\": \"ã&nbsp;\", \"stretched\": false, \"withBorder\": false, \"withBackground\": false}, \"type\": \"image\"}]}'),(64,'Cosplay Raiden Shogun','z4371138020425_9382bafb210e75b8d662ca3927556ff2.jpg','Banner Shogun sắp rerun rồi, anh em cùng tôi ngắm bộ ảnh này để đón chờ banner nhé',2,2,4,'2023-05-30 00:00:00',1,1,'none',1,'{\"blocks\": [{\"id\": \"DJeLm9apom\", \"data\": {\"file\": {\"url\": \"http://localhost:3030/public/images/1685459330317.jpg\"}, \"caption\": \"\", \"stretched\": false, \"withBorder\": false, \"withBackground\": false}, \"type\": \"image\"}, {\"id\": \"kZG5N-A_ui\", \"data\": {\"file\": {\"url\": \"http://localhost:3030/public/images/1685459339810.jpg\"}, \"caption\": \"\", \"stretched\": false, \"withBorder\": false, \"withBackground\": false}, \"type\": \"image\"}, {\"id\": \"D57OLC5anj\", \"data\": {\"file\": {\"url\": \"http://localhost:3030/public/images/1685459343653.jpg\"}, \"caption\": \"\", \"stretched\": false, \"withBorder\": false, \"withBackground\": false}, \"type\": \"image\"}]}'),(65,'Anh em cùng quay lại tuổi thơ với bộ ảnh Hurricanger được vẽ bởi AI','z4376392477870_b58f15c579150229afc2a56003e93da8.jpg','AI Hurricanger',10,2,4,'2023-05-31 00:00:00',2,1,'none',1,'{\"blocks\": [{\"id\": \"8S71mWk4oX\", \"data\": {\"file\": {\"url\": \"http://localhost:3030/public/images/1685459401248.jpg\"}, \"caption\": \"Scorpi Red\", \"stretched\": false, \"withBorder\": false, \"withBackground\": false}, \"type\": \"image\"}, {\"id\": \"kuGU9P8QBM\", \"data\": {\"file\": {\"url\": \"http://localhost:3030/public/images/1685459416709.jpg\"}, \"caption\": \"Hiệp sĩ trong tay có mic\", \"stretched\": false, \"withBorder\": false, \"withBackground\": false}, \"type\": \"image\"}, {\"id\": \"DNYDI9KSl4\", \"data\": {\"file\": {\"url\": \"http://localhost:3030/public/images/1685459429281.jpg\"}, \"caption\": \"Thanh niên tán gái bằng con bò\", \"stretched\": false, \"withBorder\": false, \"withBackground\": false}, \"type\": \"image\"}, {\"id\": \"1sQaU2iyFF\", \"data\": {\"file\": {\"url\": \"http://localhost:3030/public/images/1685459442647.jpg\"}, \"caption\": \"Bê 6 bao xi măng\", \"stretched\": false, \"withBorder\": false, \"withBackground\": false}, \"type\": \"image\"}, {\"id\": \"GGUaZG2FDL\", \"data\": {\"file\": {\"url\": \"http://localhost:3030/public/images/1685459460346.jpg\"}, \"caption\": \"Nấu cà ri phê\", \"stretched\": false, \"withBorder\": false, \"withBackground\": false}, \"type\": \"image\"}, {\"id\": \"XvjVF600gl\", \"data\": {\"file\": {\"url\": \"http://localhost:3030/public/images/1685459475245.jpg\"}, \"caption\": \"Chipu\", \"stretched\": false, \"withBorder\": false, \"withBackground\": false}, \"type\": \"image\"}]}'),(66,'Âm dương sư Moba - Game Chiến thuật thời gian thực đã quay trở lại','gamehubvn-onmyoji-arena-ra-mat-tai-vn.jpg','Sau một thời gian vắng bóng, game đã được trở lại với thị trường Việt Nam',16,3,4,'2023-05-31 00:00:00',1,0,'none',1,'{\"blocks\": [{\"id\": \"8TvcM__ajT\", \"data\": {\"file\": {\"url\": \"http://localhost:3030/public/images/1685522222436.jpg\"}, \"caption\": \"\", \"stretched\": false, \"withBorder\": false, \"withBackground\": false}, \"type\": \"image\"}]}'),(67,'Heslo','z4362619305599_3dabcb46958ba727045b29ac5c9199d7.jpg','heslo lili',10,2,6,'2002-02-01 00:00:00',3,0,'none',1,'{\"blocks\": [{\"id\": \"sV8ElkV2rP\", \"data\": {\"text\": \"đau hết đầu\"}, \"type\": \"paragraph\"}, {\"id\": \"pLhv9THAQL\", \"data\": {\"text\": \"Sao mà đỡ được\"}, \"type\": \"paragraph\"}, {\"id\": \"5WgdKvfyyA\", \"data\": {\"embed\": \"https://www.youtube.com/embed/vfWl9cwu-Uc\", \"width\": 580, \"height\": 320, \"source\": \"https://youtu.be/vfWl9cwu-Uc\", \"caption\": \"\", \"service\": \"youtube\"}, \"type\": \"embed\"}]}'),(68,'Bộ hình nền điện thoại Genshin Impact','z4393581265653_9cb763ee2cd11c817769a6e227a7c618.jpg','Anh em lưu về làm hình nền nhé',18,3,7,'2023-05-31 00:00:00',1,1,'none',1,'{\"blocks\": [{\"id\": \"BRz_lcmu8r\", \"data\": {\"file\": {\"url\": \"http://localhost:3030/public/images/1685546187466.jpg\"}, \"caption\": \"\", \"stretched\": false, \"withBorder\": false, \"withBackground\": false}, \"type\": \"image\"}, {\"id\": \"vJHhDAH0vZ\", \"data\": {\"file\": {\"url\": \"http://localhost:3030/public/images/1685546191228.jpg\"}, \"caption\": \"\", \"stretched\": false, \"withBorder\": false, \"withBackground\": false}, \"type\": \"image\"}, {\"id\": \"jr9601Jvw-\", \"data\": {\"file\": {\"url\": \"http://localhost:3030/public/images/1685546195433.jpg\"}, \"caption\": \"\", \"stretched\": false, \"withBorder\": false, \"withBackground\": false}, \"type\": \"image\"}, {\"id\": \"w3ii3fEvHx\", \"data\": {\"file\": {\"url\": \"http://localhost:3030/public/images/1685546199650.jpg\"}, \"caption\": \"\", \"stretched\": false, \"withBorder\": false, \"withBackground\": false}, \"type\": \"image\"}, {\"id\": \"-K7Q79hnZ0\", \"data\": {\"file\": {\"url\": \"http://localhost:3030/public/images/1685546204269.jpg\"}, \"caption\": \"\", \"stretched\": false, \"withBorder\": false, \"withBackground\": false}, \"type\": \"image\"}, {\"id\": \"dIQqfVY4pU\", \"data\": {\"file\": {\"url\": \"http://localhost:3030/public/images/1685546209666.jpg\"}, \"caption\": \"\", \"stretched\": false, \"withBorder\": false, \"withBackground\": false}, \"type\": \"image\"}, {\"id\": \"UluAaQjrvm\", \"data\": {\"file\": {\"url\": \"http://localhost:3030/public/images/1685546214421.jpg\"}, \"caption\": \"\", \"stretched\": false, \"withBorder\": false, \"withBackground\": false}, \"type\": \"image\"}, {\"id\": \"nLY0pnKl-Q\", \"data\": {\"file\": {\"url\": \"http://localhost:3030/public/images/1685546221655.jpg\"}, \"caption\": \"\", \"stretched\": false, \"withBorder\": false, \"withBackground\": false}, \"type\": \"image\"}, {\"id\": \"_RO3Vc-pRZ\", \"data\": {\"file\": {\"url\": \"http://localhost:3030/public/images/1685546228968.jpg\"}, \"caption\": \"\", \"stretched\": false, \"withBorder\": false, \"withBackground\": false}, \"type\": \"image\"}, {\"id\": \"cXtWy-svN6\", \"data\": {\"file\": {\"url\": \"http://localhost:3030/public/images/1685546235874.jpg\"}, \"caption\": \"\", \"stretched\": false, \"withBorder\": false, \"withBackground\": false}, \"type\": \"image\"}, {\"id\": \"MsJPLehA17\", \"data\": {\"file\": {\"url\": \"http://localhost:3030/public/images/1685546243340.jpg\"}, \"caption\": \"\", \"stretched\": false, \"withBorder\": false, \"withBackground\": false}, \"type\": \"image\"}]}'),(69,'hiếu','99e61bc305c2debe25cdea690384ca2359d1abefd8b44.jpg','abc',18,2,6,'2022-12-12 00:00:00',1,1,'none',1,'{\"blocks\": [{\"id\": \"XB4bdB2jM3\", \"data\": {\"text\": \"hiếu\"}, \"type\": \"paragraph\"}, {\"id\": \"sTcimGzaaG\", \"data\": {\"file\": {\"url\": \"http://localhost:3030/public/images/1685669726108.jpg\"}, \"caption\": \"\", \"stretched\": false, \"withBorder\": false, \"withBackground\": false}, \"type\": \"image\"}, {\"id\": \"qLdi1wOzmS\", \"data\": {\"embed\": \"https://www.youtube.com/embed/ZXmLRqkJQS0\", \"width\": 580, \"height\": 320, \"source\": \"https://youtu.be/ZXmLRqkJQS0\", \"caption\": \"\", \"service\": \"youtube\"}, \"type\": \"embed\"}]}'),(70,'tes','1','11',2,2,4,'2022-12-12 00:00:00',0,0,'none',1,'{\"blocks\": [{\"id\": \"XB4bdB2jM3\", \"data\": {\"text\": \"hiếu\"}, \"type\": \"paragraph\"}, {\"id\": \"sTcimGzaaG\", \"data\": {\"file\": {\"url\": \"http://localhost:3030/public/images/1685669726108.jpg\"}, \"caption\": \"\", \"stretched\": false, \"withBorder\": false, \"withBackground\": false}, \"type\": \"image\"}, {\"id\": \"qLdi1wOzmS\", \"data\": {\"embed\": \"https://www.youtube.com/embed/ZXmLRqkJQS0\", \"width\": 580, \"height\": 320, \"source\": \"https://youtu.be/ZXmLRqkJQS0\", \"caption\": \"\", \"service\": \"youtube\"}, \"type\": \"embed\"}]}'),(71,'a','nhahi.jpg','a',7,1,4,'2012-12-12 00:00:00',15,1,'none',1,'{\"blocks\": []}');
/*!40000 ALTER TABLE `tintuc` ENABLE KEYS */;
UNLOCK TABLES;
/*!40103 SET TIME_ZONE=@OLD_TIME_ZONE */;

/*!40101 SET SQL_MODE=@OLD_SQL_MODE */;
/*!40014 SET FOREIGN_KEY_CHECKS=@OLD_FOREIGN_KEY_CHECKS */;
/*!40014 SET UNIQUE_CHECKS=@OLD_UNIQUE_CHECKS */;
/*!40101 SET CHARACTER_SET_CLIENT=@OLD_CHARACTER_SET_CLIENT */;
/*!40101 SET CHARACTER_SET_RESULTS=@OLD_CHARACTER_SET_RESULTS */;
/*!40101 SET COLLATION_CONNECTION=@OLD_COLLATION_CONNECTION */;
/*!40111 SET SQL_NOTES=@OLD_SQL_NOTES */;

-- Dump completed on 2024-03-19 20:46:39
